order_week,product_category,units_ordered,units_sold,units_wasted,unit_cost,unit_price,restock_lead_time_days
2022-12-26,roses,5,5,0,5.11,13.46,3
2023-01-02,roses,5,5,0,4.72,12.41,3
2023-01-09,roses,20,18,2,4.58,12.06,3
2023-01-16,roses,17,17,0,4.72,12.41,3
2023-01-23,roses,21,16,5,5.27,13.87,3
2023-01-30,roses,18,18,0,5.19,13.65,3
2023-02-06,roses,21,21,0,5.3,13.95,3
2023-02-13,roses,19,19,0,5.2,13.68,3
2023-02-20,roses,20,20,0,4.88,12.84,3
2023-02-27,roses,29,29,0,4.74,12.47,3
2023-03-06,roses,33,33,0,4.73,12.45,3
2023-03-13,roses,100,38,62,5.29,13.91,3
2023-03-20,roses,91,70,21,4.77,12.56,3
2023-03-27,roses,51,35,16,4.64,12.2,3
2023-04-03,roses,43,43,0,4.94,13.01,3
2023-04-10,roses,51,45,6,4.58,12.06,3
2023-04-17,roses,46,35,11,4.64,12.2,3
2023-04-24,roses,39,39,0,4.84,12.75,3
2023-05-01,roses,46,46,0,4.63,12.19,3
2023-05-08,roses,47,47,0,5.05,13.3,3
2023-05-15,roses,48,48,0,5.29,13.93,3
2023-05-22,roses,64,64,0,4.73,12.45,3
2023-05-29,roses,74,52,22,5.04,13.27,3
2023-06-05,roses,94,46,48,5.22,13.73,3
2023-06-12,roses,83,16,67,5.1,13.43,3
2023-06-19,roses,66,52,14,5.28,13.9,3
2023-06-26,roses,55,55,0,5.13,13.49,3
2023-07-03,roses,59,53,6,4.61,12.12,3
2023-07-10,roses,49,8,41,5.14,13.53,3
2023-07-17,roses,28,24,4,4.58,12.04,3
2023-07-24,roses,30,30,0,4.56,12.0,3
2023-07-31,roses,36,22,14,5.02,13.2,3
2023-08-07,roses,35,35,0,5.02,13.21,3
2023-08-14,roses,44,35,9,4.57,12.03,3
2023-08-21,roses,37,37,0,5.21,13.7,3
2023-08-28,roses,39,39,0,4.58,12.06,3
2023-09-04,roses,31,31,0,5.31,13.97,3
2023-09-11,roses,62,40,22,4.68,12.32,3
2023-09-18,roses,53,53,0,4.91,12.92,3
2023-09-25,roses,53,49,4,5.17,13.6,3
2023-10-02,roses,57,56,1,4.63,12.19,3
2023-10-09,roses,61,61,0,4.68,12.32,3
2023-10-16,roses,61,55,6,5.04,13.27,3
2023-10-23,roses,55,18,37,5.28,13.89,3
2023-10-30,roses,40,40,0,5.12,13.47,3
2023-11-06,roses,48,41,7,4.82,12.69,3
2023-11-13,roses,45,42,3,5.13,13.49,3
2023-11-20,roses,44,44,0,5.19,13.66,3
2023-11-27,roses,48,48,0,4.69,12.33,3
2023-12-04,roses,50,29,21,4.56,12.01,3
2023-12-11,roses,45,27,18,5.28,13.89,3
2023-12-18,roses,43,43,0,4.62,12.16,3
2023-12-25,roses,36,36,0,5.16,13.57,3
2024-01-01,roses,54,43,11,4.78,12.57,3
2024-01-08,roses,46,46,0,4.78,12.59,3
2024-01-15,roses,44,35,9,5.16,13.57,3
2024-01-22,roses,45,33,12,5.1,13.42,3
2024-01-29,roses,45,37,8,4.65,12.23,3
2024-02-05,roses,41,41,0,5.27,13.87,3
2024-02-12,roses,50,50,0,4.81,12.67,3
2024-02-19,roses,39,39,0,5.0,13.16,3
2024-02-26,roses,76,44,32,5.29,13.91,3
2024-03-04,roses,79,58,21,4.6,12.1,3
2024-03-11,roses,84,67,17,5.24,13.8,3
2024-03-18,roses,94,76,18,5.11,13.44,3
2024-03-25,roses,61,61,0,4.92,12.94,3
2024-04-01,roses,70,70,0,4.88,12.85,3
2024-04-08,roses,70,63,7,4.66,12.27,3
2024-04-15,roses,66,66,0,4.67,12.28,3
2024-04-22,roses,74,46,28,4.88,12.83,3
2024-04-29,roses,57,57,0,5.29,13.91,3
2024-05-06,roses,68,68,0,4.99,13.13,3
2024-05-13,roses,70,48,22,4.6,12.11,3
2024-05-20,roses,74,74,0,4.76,12.53,3
2024-05-27,roses,71,35,36,4.78,12.59,3
2024-06-03,roses,65,53,12,5.19,13.67,3
2024-06-10,roses,75,71,4,4.89,12.88,3
2024-06-17,roses,54,51,3,4.61,12.12,3
2024-06-24,roses,56,42,14,4.69,12.33,3
2024-07-01,roses,52,16,36,4.81,12.67,3
2024-07-08,roses,34,34,0,4.71,12.4,3
2024-07-15,roses,46,40,6,4.7,12.38,3
2024-07-22,roses,43,43,0,4.9,12.9,3
2024-07-29,roses,45,45,0,4.7,12.37,3
2024-08-05,roses,45,45,0,5.0,13.15,3
2024-08-12,roses,44,31,13,4.61,12.14,3
2024-08-19,roses,40,40,0,5.08,13.36,3
2024-08-26,roses,36,36,0,5.3,13.96,3
2024-09-02,roses,49,49,0,4.83,12.7,3
2024-09-09,roses,52,52,0,4.98,13.11,3
2024-09-16,roses,56,17,39,4.9,12.89,3
2024-09-23,roses,35,28,7,4.72,12.42,3
2024-09-30,roses,40,40,0,5.13,13.49,3
2024-10-07,roses,47,39,8,5.25,13.81,3
2024-10-14,roses,39,39,0,5.26,13.83,3
2024-10-21,roses,50,35,15,5.28,13.9,3
2024-10-28,roses,37,37,0,5.0,13.17,3
2024-11-04,roses,49,49,0,5.3,13.95,3
2024-11-11,roses,53,43,10,4.64,12.22,3
2024-11-18,roses,48,48,0,5.15,13.56,3
2024-11-25,roses,56,48,8,4.78,12.57,3
2024-12-02,roses,47,47,0,4.87,12.82,3
2024-12-09,roses,59,59,0,4.92,12.96,3
2024-12-16,roses,55,51,4,4.98,13.11,3
2024-12-23,roses,54,54,0,4.69,12.34,3
2024-12-30,roses,68,6,62,4.98,13.11,3
2022-12-26,hydrangeas,7,7,0,10.45,26.12,3
2023-01-02,hydrangeas,7,7,0,10.92,27.3,3
2023-01-09,hydrangeas,13,11,2,11.16,27.89,3
2023-01-16,hydrangeas,11,11,0,11.19,27.97,3
2023-01-23,hydrangeas,20,20,0,10.52,26.31,3
2023-01-30,hydrangeas,21,3,18,10.41,26.03,3
2023-02-06,hydrangeas,11,11,0,11.11,27.77,3
2023-02-13,hydrangeas,11,11,0,10.52,26.29,3
2023-02-20,hydrangeas,16,16,0,11.07,27.67,3
2023-02-27,hydrangeas,31,29,2,10.82,27.06,3
2023-03-06,hydrangeas,23,23,0,10.66,26.64,3
2023-03-13,hydrangeas,27,27,0,10.41,26.02,3
2023-03-20,hydrangeas,25,25,0,11.14,27.85,3
2023-03-27,hydrangeas,43,14,29,10.83,27.08,3
2023-04-03,hydrangeas,25,25,0,11.07,27.67,3
2023-04-10,hydrangeas,33,33,0,11.01,27.53,3
2023-04-17,hydrangeas,28,28,0,11.03,27.58,3
2023-04-24,hydrangeas,42,42,0,11.02,27.56,3
2023-05-01,hydrangeas,43,43,0,11.08,27.71,3
2023-05-08,hydrangeas,48,48,0,11.02,27.54,3
2023-05-15,hydrangeas,46,30,16,10.67,26.68,3
2023-05-22,hydrangeas,61,48,13,10.75,26.87,3
2023-05-29,hydrangeas,65,17,48,10.41,26.03,3
2023-06-05,hydrangeas,54,28,26,10.58,26.45,3
2023-06-12,hydrangeas,53,43,10,10.85,27.12,3
2023-06-19,hydrangeas,60,39,21,10.42,26.04,3
2023-06-26,hydrangeas,37,14,23,10.91,27.27,3
2023-07-03,hydrangeas,24,13,11,10.72,26.8,3
2023-07-10,hydrangeas,19,19,0,10.95,27.38,3
2023-07-17,hydrangeas,28,16,12,11.09,27.73,3
2023-07-24,hydrangeas,21,21,0,10.41,26.03,3
2023-07-31,hydrangeas,25,25,0,10.79,26.98,3
2023-08-07,hydrangeas,26,5,21,10.77,26.92,3
2023-08-14,hydrangeas,15,15,0,11.18,27.96,3
2023-08-21,hydrangeas,24,24,0,11.13,27.82,3
2023-08-28,hydrangeas,24,24,0,10.62,26.55,3
2023-09-04,hydrangeas,31,14,17,10.87,27.18,3
2023-09-11,hydrangeas,24,17,7,10.49,26.23,3
2023-09-18,hydrangeas,22,22,0,10.81,27.02,3
2023-09-25,hydrangeas,31,21,10,10.78,26.94,3
2023-10-02,hydrangeas,26,26,0,10.64,26.61,3
2023-10-09,hydrangeas,32,32,0,10.95,27.38,3
2023-10-16,hydrangeas,33,26,7,11.0,27.49,3
2023-10-23,hydrangeas,28,28,0,10.8,26.99,3
2023-10-30,hydrangeas,34,30,4,10.88,27.2,3
2023-11-06,hydrangeas,32,32,0,10.53,26.33,3
2023-11-13,hydrangeas,38,38,0,10.99,27.47,3
2023-11-20,hydrangeas,40,40,0,10.97,27.43,3
2023-11-27,hydrangeas,46,40,6,11.17,27.93,3
2023-12-04,hydrangeas,46,46,0,10.79,26.98,3
2023-12-11,hydrangeas,46,18,28,10.94,27.35,3
2023-12-18,hydrangeas,34,31,3,10.46,26.16,3
2023-12-25,hydrangeas,38,38,0,10.43,26.08,3
2024-01-01,hydrangeas,41,10,31,11.01,27.53,3
2024-01-08,hydrangeas,24,24,0,11.18,27.95,3
2024-01-15,hydrangeas,41,40,1,10.61,26.53,3
2024-01-22,hydrangeas,36,36,0,10.65,26.62,3
2024-01-29,hydrangeas,37,15,22,10.76,26.9,3
2024-02-05,hydrangeas,26,25,1,11.08,27.71,3
2024-02-12,hydrangeas,27,27,0,10.86,27.15,3
2024-02-19,hydrangeas,32,25,7,10.96,27.39,3
2024-02-26,hydrangeas,37,29,8,10.91,27.27,3
2024-03-04,hydrangeas,39,12,27,11.15,27.87,3
2024-03-11,hydrangeas,31,31,0,10.9,27.25,3
2024-03-18,hydrangeas,31,23,8,10.78,26.94,3
2024-03-25,hydrangeas,35,35,0,10.94,27.36,3
2024-04-01,hydrangeas,32,32,0,10.59,26.48,3
2024-04-08,hydrangeas,40,16,24,10.75,26.88,3
2024-04-15,hydrangeas,27,27,0,10.57,26.43,3
2024-04-22,hydrangeas,32,29,3,10.44,26.09,3
2024-04-29,hydrangeas,30,30,0,10.46,26.15,3
2024-05-06,hydrangeas,35,35,0,10.46,26.15,3
2024-05-13,hydrangeas,33,33,0,10.97,27.43,3
2024-05-20,hydrangeas,50,40,10,11.0,27.5,3
2024-05-27,hydrangeas,58,25,33,10.5,26.25,3
2024-06-03,hydrangeas,52,35,17,11.2,28.0,3
2024-06-10,hydrangeas,59,26,33,11.14,27.85,3
2024-06-17,hydrangeas,49,35,14,10.76,26.89,3
2024-06-24,hydrangeas,35,24,11,10.83,27.08,3
2024-07-01,hydrangeas,29,29,0,11.0,27.5,3
2024-07-08,hydrangeas,35,20,15,10.65,26.62,3
2024-07-15,hydrangeas,25,10,15,11.17,27.93,3
2024-07-22,hydrangeas,20,20,0,11.04,27.59,3
2024-07-29,hydrangeas,25,25,0,10.64,26.61,3
2024-08-05,hydrangeas,30,18,12,11.19,27.98,3
2024-08-12,hydrangeas,21,21,0,10.48,26.2,3
2024-08-19,hydrangeas,24,24,0,10.87,27.18,3
2024-08-26,hydrangeas,26,26,0,10.58,26.46,3
2024-09-02,hydrangeas,29,29,0,10.42,26.04,3
2024-09-09,hydrangeas,30,30,0,10.92,27.29,3
2024-09-16,hydrangeas,36,28,8,10.62,26.54,3
2024-09-23,hydrangeas,32,32,0,10.44,26.09,3
2024-09-30,hydrangeas,34,34,0,10.94,27.34,3
2024-10-07,hydrangeas,36,21,15,11.11,27.78,3
2024-10-14,hydrangeas,32,32,0,11.12,27.8,3
2024-10-21,hydrangeas,35,35,0,10.82,27.06,3
2024-10-28,hydrangeas,40,37,3,10.94,27.36,3
2024-11-04,hydrangeas,43,24,19,11.12,27.79,3
2024-11-11,hydrangeas,34,34,0,10.9,27.24,3
2024-11-18,hydrangeas,36,36,0,10.94,27.34,3
2024-11-25,hydrangeas,36,20,16,11.16,27.9,3
2024-12-02,hydrangeas,28,8,20,10.55,26.37,3
2024-12-09,hydrangeas,19,15,4,10.54,26.34,3
2024-12-16,hydrangeas,19,19,0,10.56,26.41,3
2024-12-23,hydrangeas,24,24,0,11.15,27.88,3
2024-12-30,hydrangeas,28,4,24,10.58,26.44,3
2022-12-26,tulips,3,3,0,5.48,15.67,3
2023-01-02,tulips,2,2,0,5.3,15.13,3
2023-01-09,tulips,25,25,0,5.03,14.38,3
2023-01-16,tulips,33,6,27,5.44,15.53,3
2023-01-23,tulips,16,16,0,5.04,14.4,3
2023-01-30,tulips,21,17,4,4.9,14.01,3
2023-02-06,tulips,19,19,0,5.36,15.3,3
2023-02-13,tulips,21,21,0,5.27,15.05,3
2023-02-20,tulips,25,23,2,4.98,14.22,3
2023-02-27,tulips,31,3,28,5.1,14.57,3
2023-03-06,tulips,24,23,1,5.31,15.16,3
2023-03-13,tulips,17,13,4,5.04,14.4,3
2023-03-20,tulips,29,29,0,5.18,14.81,3
2023-03-27,tulips,19,19,0,5.06,14.47,3
2023-04-03,tulips,22,11,11,5.36,15.3,3
2023-04-10,tulips,16,10,6,5.01,14.32,3
2023-04-17,tulips,15,6,9,5.39,15.39,3
2023-04-24,tulips,12,6,6,5.29,15.12,3
2023-05-01,tulips,11,11,0,5.53,15.8,3
2023-05-08,tulips,11,11,0,5.38,15.38,3
2023-05-15,tulips,19,19,0,5.02,14.35,3
2023-05-22,tulips,20,20,0,5.19,14.82,3
2023-05-29,tulips,46,7,39,5.07,14.49,3
2023-06-05,tulips,36,25,11,5.54,15.83,3
2023-06-12,tulips,46,15,31,5.26,15.04,3
2023-06-19,tulips,39,13,26,5.01,14.31,3
2023-06-26,tulips,18,18,0,5.32,15.2,3
2023-07-03,tulips,21,21,0,5.01,14.32,3
2023-07-10,tulips,24,1,23,5.38,15.37,3
2023-07-17,tulips,12,12,0,4.95,14.14,3
2023-07-24,tulips,18,15,3,4.92,14.06,3
2023-07-31,tulips,17,17,0,5.19,14.83,3
2023-08-07,tulips,15,15,0,5.02,14.35,3
2023-08-14,tulips,21,21,0,5.07,14.49,3
2023-08-21,tulips,19,19,0,5.05,14.44,3
2023-08-28,tulips,20,12,8,5.13,14.66,3
2023-09-04,tulips,16,6,10,5.06,14.45,3
2023-09-11,tulips,13,13,0,4.94,14.12,3
2023-09-18,tulips,15,15,0,5.01,14.31,3
2023-09-25,tulips,20,20,0,5.03,14.37,3
2023-10-02,tulips,20,19,1,5.57,15.91,3
2023-10-09,tulips,17,17,0,5.2,14.85,3
2023-10-16,tulips,17,6,11,5.07,14.49,3
2023-10-23,tulips,16,16,0,5.31,15.18,3
2023-10-30,tulips,18,18,0,5.07,14.49,3
2023-11-06,tulips,19,18,1,5.21,14.88,3
2023-11-13,tulips,22,2,20,5.47,15.63,3
2023-11-20,tulips,13,13,0,5.5,15.72,3
2023-11-27,tulips,19,16,3,5.2,14.86,3
2023-12-04,tulips,19,7,12,5.48,15.66,3
2023-12-11,tulips,13,5,8,5.01,14.32,3
2023-12-18,tulips,10,10,0,5.47,15.64,3
2023-12-25,tulips,11,11,0,5.29,15.11,3
2024-01-01,tulips,10,9,1,5.17,14.77,3
2024-01-08,tulips,11,10,1,4.96,14.17,3
2024-01-15,tulips,12,12,0,4.95,14.15,3
2024-01-22,tulips,13,13,0,5.52,15.77,3
2024-01-29,tulips,9,5,4,4.97,14.21,3
2024-02-05,tulips,12,12,0,5.51,15.73,3
2024-02-12,tulips,15,15,0,5.43,15.51,3
2024-02-19,tulips,19,19,0,5.12,14.62,3
2024-02-26,tulips,16,8,8,5.03,14.37,3
2024-03-04,tulips,24,24,0,5.28,15.09,3
2024-03-11,tulips,20,20,0,5.2,14.85,3
2024-03-18,tulips,25,9,16,5.55,15.85,3
2024-03-25,tulips,24,15,9,4.99,14.26,3
2024-04-01,tulips,17,17,0,5.58,15.94,3
2024-04-08,tulips,18,16,2,5.19,14.83,3
2024-04-15,tulips,19,11,8,5.33,15.22,3
2024-04-22,tulips,15,15,0,5.13,14.66,3
2024-04-29,tulips,15,15,0,5.07,14.48,3
2024-05-06,tulips,15,15,0,4.93,14.1,3
2024-05-13,tulips,14,14,0,4.95,14.15,3
2024-05-20,tulips,18,9,9,5.28,15.1,3
2024-05-27,tulips,29,24,5,5.57,15.92,3
2024-06-03,tulips,18,18,0,5.55,15.86,3
2024-06-10,tulips,19,10,9,5.42,15.48,3
2024-06-17,tulips,28,28,0,5.19,14.83,3
2024-06-24,tulips,22,13,9,5.5,15.72,3
2024-07-01,tulips,17,17,0,5.05,14.44,3
2024-07-08,tulips,20,20,0,5.24,14.96,3
2024-07-15,tulips,19,4,15,5.27,15.05,3
2024-07-29,tulips,11,11,0,5.38,15.38,3
2024-08-05,tulips,14,14,0,5.14,14.68,3
2024-08-12,tulips,15,15,0,4.95,14.15,3
2024-08-19,tulips,16,14,2,5.55,15.86,3
2024-08-26,tulips,14,14,0,5.39,15.4,3
2024-09-02,tulips,15,13,2,5.12,14.62,3
2024-09-09,tulips,15,15,0,5.53,15.81,3
2024-09-16,tulips,13,6,7,5.59,15.98,3
2024-09-23,tulips,12,12,0,4.99,14.26,3
2024-09-30,tulips,13,13,0,5.14,14.7,3
2024-10-07,tulips,23,23,0,5.25,14.99,3
2024-10-14,tulips,19,16,3,5.24,14.96,3
2024-10-21,tulips,24,15,9,5.33,15.24,3
2024-10-28,tulips,22,16,6,5.31,15.18,3
2024-11-04,tulips,22,22,0,4.95,14.14,3
2024-11-11,tulips,16,16,0,4.9,14.01,3
2024-11-18,tulips,19,11,8,5.4,15.44,3
2024-11-25,tulips,14,14,0,5.01,14.32,3
2024-12-02,tulips,16,16,0,5.45,15.58,3
2024-12-09,tulips,18,6,12,5.41,15.45,3
2024-12-16,tulips,15,15,0,5.05,14.43,3
2024-12-23,tulips,22,8,14,5.34,15.25,3
2024-12-30,tulips,16,6,10,5.52,15.78,3
2023-01-02,peonies,9,9,0,9.25,22.02,3
2023-01-09,peonies,9,9,0,9.51,22.64,3
2023-01-16,peonies,33,31,2,9.25,22.03,3
2023-01-23,peonies,29,12,17,9.96,23.71,3
2023-02-06,peonies,20,20,0,9.74,23.19,3
2023-02-13,peonies,35,20,15,9.24,22.01,3
2023-02-20,peonies,25,6,19,9.85,23.45,3
2023-02-27,peonies,19,7,12,9.76,23.25,3
2023-03-06,peonies,14,14,0,9.31,22.16,3
2023-03-13,peonies,17,17,0,9.5,22.61,3
2023-03-20,peonies,15,15,0,9.55,22.73,3
2023-03-27,peonies,19,19,0,9.28,22.09,3
2023-04-03,peonies,25,25,0,9.58,22.81,3
2023-04-10,peonies,22,22,0,9.64,22.95,3
2023-04-17,peonies,31,31,0,9.42,22.42,3
2023-04-24,peonies,27,27,0,9.25,22.02,3
2023-05-01,peonies,44,24,20,9.66,22.99,3
2023-05-08,peonies,36,36,0,9.24,22.01,3
2023-05-15,peonies,39,23,16,9.99,23.78,3
2023-05-22,peonies,57,49,8,9.64,22.96,3
2023-05-29,peonies,67,42,25,9.76,23.25,3
2023-06-05,peonies,65,8,57,9.48,22.57,3
2023-06-12,peonies,41,26,15,9.58,22.81,3
2023-06-19,peonies,52,52,0,9.87,23.49,3
2023-06-26,peonies,39,11,28,9.94,23.66,3
2023-07-03,peonies,23,14,9,10.06,23.95,3
2023-07-17,peonies,21,18,3,9.29,22.13,3
2023-07-24,peonies,20,20,0,10.07,23.97,3
2023-07-31,peonies,25,4,21,9.58,22.81,3
2023-08-07,peonies,16,16,0,9.38,22.33,3
2023-08-14,peonies,16,9,7,9.56,22.75,3
2023-08-21,peonies,13,13,0,9.83,23.4,3
2023-08-28,peonies,11,11,0,9.42,22.43,3
2023-09-04,peonies,23,23,0,9.99,23.79,3
2023-09-11,peonies,22,22,0,9.97,23.73,3
2023-09-18,peonies,23,23,0,9.52,22.66,3
2023-09-25,peonies,28,28,0,9.46,22.53,3
2023-10-02,peonies,28,28,0,9.56,22.77,3
2023-10-09,peonies,32,18,14,9.89,23.55,3
2023-10-16,peonies,25,13,12,9.26,22.04,3
2023-10-23,peonies,22,22,0,9.97,23.74,3
2023-10-30,peonies,24,24,0,9.92,23.63,3
2023-11-06,peonies,24,8,16,9.83,23.41,3
2023-11-13,peonies,16,16,0,9.74,23.18,3
2023-11-20,peonies,16,12,4,9.28,22.1,3
2023-11-27,peonies,14,14,0,9.96,23.71,3
2023-12-04,peonies,17,17,0,9.67,23.03,3
2023-12-11,peonies,22,14,8,9.68,23.04,3
2023-12-18,peonies,16,16,0,9.33,22.22,3
2023-12-25,peonies,22,22,0,9.4,22.39,3
2024-01-01,peonies,17,17,0,9.68,23.05,3
2024-01-08,peonies,23,23,0,9.33,22.21,3
2024-01-22,peonies,28,12,16,9.57,22.78,3
2024-01-29,peonies,20,20,0,9.98,23.76,3
2024-02-05,peonies,24,24,0,9.75,23.22,3
2024-02-12,peonies,24,24,0,9.86,23.48,3
2024-02-19,peonies,27,6,21,9.74,23.2,3
2024-02-26,peonies,27,14,13,9.49,22.59,3
2024-03-04,peonies,28,28,0,9.3,22.14,3
2024-03-11,peonies,23,13,10,9.9,23.58,3
2024-03-18,peonies,28,18,10,9.95,23.7,3
2024-03-25,peonies,23,8,15,9.94,23.66,3
2024-04-01,peonies,13,13,0,9.74,23.19,3
2024-04-08,peonies,21,21,0,9.64,22.95,3
2024-04-15,peonies,17,17,0,9.95,23.7,3
2024-04-22,peonies,20,20,0,10.03,23.88,3
2024-04-29,peonies,23,15,8,9.78,23.28,3
2024-05-06,peonies,26,26,0,9.53,22.7,3
2024-05-13,peonies,33,33,0,9.61,22.88,3
2024-05-20,peonies,35,27,8,9.81,23.36,3
2024-05-27,peonies,38,17,21,9.9,23.58,3
2024-06-03,peonies,31,11,20,9.44,22.47,3
2024-06-10,peonies,27,27,0,9.65,22.97,3
2024-06-17,peonies,29,11,18,9.54,22.72,3
2024-06-24,peonies,21,21,0,9.82,23.39,3
2024-07-01,peonies,32,11,21,9.35,22.26,3
2024-07-08,peonies,20,14,6,9.47,22.54,3
2024-07-15,peonies,20,9,11,9.64,22.96,3
2024-07-22,peonies,18,17,1,9.74,23.18,3
2024-07-29,peonies,13,13,0,9.52,22.66,3
2024-08-05,peonies,16,16,0,9.92,23.62,3
2024-08-12,peonies,15,15,0,9.75,23.21,3
2024-08-19,peonies,17,17,0,9.8,23.34,3
2024-08-26,peonies,15,6,9,9.76,23.25,3
2024-09-02,peonies,17,17,0,10.0,23.8,3
2024-09-09,peonies,21,21,0,10.02,23.85,3
2024-09-16,peonies,19,19,0,9.56,22.75,3
2024-09-23,peonies,24,10,14,9.58,22.81,3
2024-09-30,peonies,17,17,0,9.34,22.24,3
2024-10-07,peonies,18,18,0,9.47,22.54,3
2024-10-14,peonies,21,21,0,9.6,22.85,3
2024-10-21,peonies,20,20,0,9.57,22.78,3
2024-10-28,peonies,26,15,11,9.68,23.04,3
2024-11-04,peonies,25,9,16,9.6,22.85,3
2024-11-11,peonies,22,22,0,9.31,22.16,3
2024-11-18,peonies,24,24,0,9.34,22.24,3
2024-11-25,peonies,28,4,24,9.51,22.65,3
2024-12-02,peonies,13,13,0,9.85,23.45,3
2024-12-09,peonies,20,20,0,9.75,23.22,3
2024-12-16,peonies,20,14,6,9.9,23.58,3
2024-12-23,peonies,18,18,0,9.48,22.56,3
2022-12-26,lilies,4,4,0,7.96,19.91,3
2023-01-02,lilies,4,4,0,7.82,19.55,3
2023-01-09,lilies,26,26,0,7.98,19.96,3
2023-01-16,lilies,26,26,0,7.65,19.12,3
2023-01-23,lilies,27,4,23,7.97,19.92,3
2023-01-30,lilies,14,12,2,8.04,20.1,3
2023-02-06,lilies,16,16,0,7.64,19.11,3
2023-02-13,lilies,18,18,0,7.67,19.18,3
2023-02-20,lilies,23,19,4,8.09,20.22,3
2023-02-27,lilies,21,21,0,7.9,19.76,3
2023-03-06,lilies,21,21,0,7.96,19.9,3
2023-03-13,lilies,21,21,0,8.3,20.76,3
2023-03-20,lilies,22,13,9,8.36,20.9,3
2023-03-27,lilies,24,24,0,7.69,19.23,3
2023-04-03,lilies,30,30,0,8.05,20.12,3
2023-04-10,lilies,35,10,25,8.03,20.07,3
2023-04-17,lilies,23,11,12,7.6,19.0,3
2023-04-24,lilies,20,20,0,7.89,19.72,3
2023-05-01,lilies,23,23,0,8.06,20.15,3
2023-05-08,lilies,23,23,0,7.77,19.43,3
2023-05-15,lilies,21,21,0,8.39,20.97,3
2023-05-22,lilies,30,18,12,8.36,20.9,3
2023-05-29,lilies,53,46,7,8.34,20.86,3
2023-06-05,lilies,32,4,28,7.98,19.96,3
2023-06-12,lilies,48,10,38,8.22,20.55,3
2023-06-19,lilies,48,18,30,8.25,20.63,3
2023-06-26,lilies,20,20,0,8.38,20.96,3
2023-07-03,lilies,25,25,0,7.65,19.13,3
2023-07-10,lilies,19,18,1,7.92,19.81,3
2023-07-17,lilies,18,18,0,8.19,20.47,3
2023-07-24,lilies,23,23,0,7.93,19.82,3
2023-07-31,lilies,23,23,0,7.78,19.46,3
2023-08-07,lilies,25,25,0,8.05,20.12,3
2023-08-14,lilies,28,28,0,8.03,20.07,3
2023-08-21,lilies,29,11,18,8.35,20.88,3
2023-08-28,lilies,21,21,0,8.24,20.6,3
2023-09-04,lilies,27,27,0,8.09,20.23,3
2023-09-11,lilies,31,13,18,7.62,19.05,3
2023-09-18,lilies,23,23,0,7.92,19.79,3
2023-09-25,lilies,28,19,9,7.82,19.55,3
2023-10-02,lilies,24,24,0,7.62,19.06,3
2023-10-09,lilies,27,27,0,7.92,19.79,3
2023-10-16,lilies,20,20,0,7.8,19.5,3
2023-10-23,lilies,28,21,7,8.05,20.13,3
2023-10-30,lilies,25,25,0,7.68,19.21,3
2023-11-06,lilies,27,26,1,7.97,19.93,3
2023-11-13,lilies,28,28,0,8.32,20.81,3
2023-11-20,lilies,34,13,21,8.28,20.7,3
2023-11-27,lilies,23,23,0,8.29,20.73,3
2023-12-04,lilies,29,17,12,8.32,20.79,3
2023-12-11,lilies,24,24,0,7.73,19.33,3
2023-12-18,lilies,22,22,0,7.62,19.05,3
2023-12-25,lilies,27,13,14,7.62,19.04,3
2024-01-01,lilies,23,20,3,7.91,19.77,3
2024-01-08,lilies,25,19,6,8.11,20.27,3
2024-01-15,lilies,25,22,3,7.94,19.85,3
2024-01-22,lilies,27,25,2,7.63,19.08,3
2024-01-29,lilies,29,29,0,8.08,20.2,3
2024-02-05,lilies,25,25,0,7.75,19.38,3
2024-02-12,lilies,28,28,0,7.85,19.63,3
2024-02-19,lilies,23,22,1,7.82,19.54,3
2024-02-26,lilies,34,34,0,8.34,20.86,3
2024-03-04,lilies,40,40,0,7.86,19.65,3
2024-03-11,lilies,30,30,0,7.72,19.29,3
2024-03-18,lilies,40,40,0,7.93,19.83,3
2024-03-25,lilies,41,31,10,8.12,20.3,3
2024-04-01,lilies,33,33,0,7.96,19.9,3
2024-04-08,lilies,41,33,8,8.36,20.91,3
2024-04-15,lilies,37,37,0,8.28,20.7,3
2024-04-22,lilies,38,29,9,7.78,19.45,3
2024-04-29,lilies,34,34,0,7.95,19.87,3
2024-05-06,lilies,42,42,0,7.85,19.62,3
2024-05-13,lilies,36,36,0,7.82,19.54,3
2024-05-20,lilies,50,34,16,7.96,19.9,3
2024-05-27,lilies,63,47,16,7.67,19.17,3
2024-06-03,lilies,69,21,48,8.17,20.43,3
2024-06-10,lilies,57,25,32,8.31,20.77,3
2024-06-17,lilies,55,29,26,8.33,20.83,3
2024-06-24,lilies,35,10,25,7.64,19.11,3
2024-07-01,lilies,20,20,0,7.65,19.13,3
2024-07-08,lilies,35,15,20,8.03,20.07,3
2024-07-15,lilies,20,20,0,8.12,20.3,3
2024-07-22,lilies,26,20,6,7.99,19.97,3
2024-07-29,lilies,23,23,0,7.74,19.36,3
2024-08-05,lilies,24,24,0,8.26,20.65,3
2024-08-12,lilies,27,27,0,8.11,20.27,3
2024-08-19,lilies,30,30,0,8.16,20.4,3
2024-08-26,lilies,29,11,18,8.2,20.5,3
2024-09-02,lilies,23,23,0,8.13,20.32,3
2024-09-09,lilies,29,29,0,8.21,20.52,3
2024-09-16,lilies,35,18,17,8.19,20.47,3
2024-09-23,lilies,25,25,0,8.14,20.35,3
2024-09-30,lilies,30,21,9,7.84,19.61,3
2024-10-07,lilies,21,21,0,8.3,20.75,3
2024-10-14,lilies,28,19,9,8.2,20.51,3
2024-10-21,lilies,23,23,0,8.16,20.41,3
2024-10-28,lilies,26,7,19,8.32,20.79,3
2024-11-04,lilies,18,7,11,8.26,20.65,3
2024-11-11,lilies,16,16,0,7.87,19.68,3
2024-11-18,lilies,19,19,0,7.81,19.52,3
2024-11-25,lilies,16,12,4,8.37,20.93,3
2024-12-02,lilies,18,18,0,8.26,20.66,3
2024-12-09,lilies,16,16,0,8.24,20.61,3
2024-12-16,lilies,27,27,0,8.0,19.99,3
2024-12-23,lilies,24,24,0,7.67,19.17,3
2024-12-30,lilies,28,7,21,8.4,21.0,3
2022-12-26,orchids,5,5,0,18.19,40.42,3
2023-01-02,orchids,6,6,0,18.31,40.69,3
2023-01-09,orchids,29,24,5,18.24,40.53,3
2023-01-16,orchids,25,25,0,17.97,39.93,3
2023-01-23,orchids,30,11,19,17.63,39.18,3
2023-01-30,orchids,20,8,12,17.83,39.63,3
2023-02-06,orchids,16,16,0,18.34,40.75,3
2023-02-13,orchids,24,24,0,17.68,39.28,3
2023-02-20,orchids,20,20,0,18.15,40.34,3
2023-02-27,orchids,26,26,0,17.79,39.54,3
2023-03-06,orchids,29,27,2,17.62,39.16,3
2023-03-13,orchids,27,16,11,18.1,40.23,3
2023-03-20,orchids,25,25,0,18.13,40.29,3
2023-03-27,orchids,30,30,0,18.11,40.25,3
2023-04-03,orchids,29,29,0,18.08,40.18,3
2023-04-10,orchids,35,14,21,17.95,39.88,3
2023-04-17,orchids,25,25,0,18.26,40.58,3
2023-04-24,orchids,34,22,12,17.83,39.63,3
2023-05-01,orchids,31,31,0,17.83,39.62,3
2023-05-08,orchids,38,38,0,18.09,40.19,3
2023-05-15,orchids,35,3,32,18.35,40.78,3
2023-05-22,orchids,18,18,0,18.04,40.09,3
2023-05-29,orchids,25,12,13,17.78,39.51,3
2023-06-05,orchids,16,16,0,18.08,40.17,3
2023-06-12,orchids,23,23,0,18.37,40.82,3
2023-06-19,orchids,23,9,14,17.64,39.21,3
2023-06-26,orchids,13,5,8,18.38,40.85,3
2023-07-03,orchids,12,12,0,18.05,40.12,3
2023-07-10,orchids,17,17,0,18.34,40.76,3
2023-07-17,orchids,22,10,12,17.72,39.38,3
2023-07-24,orchids,14,11,3,17.59,39.08,3
2023-07-31,orchids,14,14,0,18.12,40.27,3
2023-08-07,orchids,16,16,0,17.74,39.42,3
2023-08-14,orchids,14,14,0,18.11,40.25,3
2023-08-21,orchids,19,19,0,17.68,39.28,3
2023-08-28,orchids,19,19,0,18.16,40.36,3
2023-09-04,orchids,23,11,12,17.88,39.74,3
2023-09-11,orchids,16,16,0,18.39,40.86,3
2023-09-18,orchids,21,21,0,18.35,40.78,3
2023-09-25,orchids,27,24,3,18.0,40.0,3
2023-10-02,orchids,27,27,0,17.86,39.69,3
2023-10-09,orchids,24,24,0,17.75,39.44,3
2023-10-16,orchids,26,24,2,17.76,39.46,3
2023-10-23,orchids,30,30,0,18.07,40.16,3
2023-10-30,orchids,30,29,1,17.61,39.14,3
2023-11-06,orchids,30,30,0,17.87,39.7,3
2023-11-13,orchids,32,32,0,18.0,40.01,3
2023-11-20,orchids,33,17,16,17.95,39.89,3
2023-11-27,orchids,24,24,0,18.38,40.84,3
2023-12-04,orchids,32,32,0,18.03,40.06,3
2023-12-11,orchids,36,36,0,18.16,40.36,3
2023-12-18,orchids,32,32,0,18.2,40.45,3
2023-12-25,orchids,42,35,7,17.77,39.48,3
2024-01-01,orchids,38,33,5,17.73,39.4,3
2024-01-08,orchids,40,14,26,17.61,39.14,3
2024-01-15,orchids,30,7,23,17.94,39.86,3
2024-01-22,orchids,24,24,0,18.13,40.29,3
2024-01-29,orchids,25,25,0,18.16,40.36,3
2024-02-05,orchids,30,30,0,18.23,40.51,3
2024-02-12,orchids,28,28,0,18.3,40.67,3
2024-02-19,orchids,30,29,1,17.93,39.84,3
2024-02-26,orchids,34,10,24,18.16,40.36,3
2024-03-04,orchids,26,16,10,17.97,39.94,3
2024-03-11,orchids,29,29,0,18.37,40.82,3
2024-03-18,orchids,33,14,19,18.4,40.88,3
2024-03-25,orchids,24,24,0,18.01,40.02,3
2024-04-01,orchids,31,31,0,17.95,39.9,3
2024-04-08,orchids,30,18,12,18.27,40.59,3
2024-04-15,orchids,24,20,4,17.58,39.06,3
2024-04-22,orchids,24,24,0,17.99,39.97,3
2024-04-29,orchids,29,29,0,17.66,39.25,3
2024-05-06,orchids,32,32,0,18.27,40.59,3
2024-05-13,orchids,35,23,12,17.59,39.09,3
2024-05-20,orchids,29,29,0,17.81,39.58,3
2024-05-27,orchids,41,28,13,18.12,40.27,3
2024-06-03,orchids,37,5,32,18.38,40.84,3
2024-06-10,orchids,21,5,16,18.45,40.99,3
2024-06-17,orchids,17,17,0,17.7,39.34,3
2024-06-24,orchids,29,14,15,18.12,40.26,3
2024-07-01,orchids,20,20,0,18.36,40.79,3
2024-07-08,orchids,19,19,0,17.76,39.47,3
2024-07-15,orchids,21,21,0,17.99,39.97,3
2024-07-22,orchids,20,20,0,18.14,40.31,3
2024-07-29,orchids,19,12,7,17.61,39.14,3
2024-08-05,orchids,23,21,2,17.73,39.39,3
2024-08-12,orchids,29,13,16,18.37,40.82,3
2024-08-19,orchids,22,22,0,18.42,40.94,3
2024-08-26,orchids,23,23,0,17.91,39.79,3
2024-09-02,orchids,30,6,24,17.78,39.51,3
2024-09-09,orchids,13,13,0,17.94,39.87,3
2024-09-16,orchids,20,20,0,17.9,39.78,3
2024-09-23,orchids,25,24,1,17.8,39.55,3
2024-09-30,orchids,27,8,19,17.58,39.06,3
2024-10-07,orchids,20,20,0,17.75,39.44,3
2024-10-14,orchids,28,28,0,17.86,39.68,3
2024-10-21,orchids,31,23,8,18.44,40.98,3
2024-10-28,orchids,28,10,18,18.04,40.09,3
2024-11-04,orchids,18,10,8,18.17,40.37,3
2024-11-11,orchids,19,19,0,18.23,40.5,3
2024-11-18,orchids,16,16,0,17.55,39.01,3
2024-11-25,orchids,21,21,0,17.62,39.16,3
2024-12-02,orchids,32,32,0,17.75,39.44,3
2024-12-09,orchids,23,23,0,18.06,40.14,3
2024-12-16,orchids,20,20,0,18.31,40.68,3
2024-12-23,orchids,21,21,0,18.22,40.48,3
2024-12-30,orchids,39,30,9,18.19,40.42,3
2022-12-26,sunflowers,2,2,0,4.17,13.9,3
2023-01-02,sunflowers,2,2,0,3.62,12.05,3
2023-01-09,sunflowers,6,6,0,3.93,13.11,3
2023-01-16,sunflowers,11,11,0,3.89,12.98,3
2023-01-23,sunflowers,10,3,7,4.11,13.7,3
2023-01-30,sunflowers,6,6,0,4.1,13.67,3
2023-02-06,sunflowers,8,8,0,3.67,12.23,3
2023-02-13,sunflowers,10,7,3,4.07,13.58,3
2023-02-20,sunflowers,10,10,0,3.87,12.91,3
2023-02-27,sunflowers,9,9,0,3.89,12.98,3
2023-03-06,sunflowers,12,12,0,3.97,13.24,3
2023-03-13,sunflowers,9,9,0,3.67,12.24,3
2023-03-20,sunflowers,15,5,10,3.97,13.22,3
2023-03-27,sunflowers,15,7,8,3.75,12.51,3
2023-04-03,sunflowers,16,15,1,4.17,13.89,3
2023-04-10,sunflowers,19,19,0,3.63,12.09,3
2023-04-17,sunflowers,19,3,16,3.66,12.19,3
2023-04-24,sunflowers,9,9,0,3.81,12.69,3
2023-05-01,sunflowers,16,16,0,4.12,13.74,3
2023-05-08,sunflowers,16,16,0,3.98,13.26,3
2023-05-15,sunflowers,13,13,0,3.96,13.19,3
2023-05-22,sunflowers,18,6,12,4.08,13.61,3
2023-05-29,sunflowers,26,14,12,3.98,13.26,3
2023-06-05,sunflowers,32,3,29,3.79,12.64,3
2023-06-12,sunflowers,23,11,12,4.04,13.46,3
2023-06-19,sunflowers,22,13,9,3.89,12.98,3
2023-06-26,sunflowers,12,12,0,3.65,12.17,3
2023-07-03,sunflowers,14,14,0,4.09,13.64,3
2023-07-10,sunflowers,13,12,1,4.03,13.43,3
2023-07-17,sunflowers,12,2,10,3.97,13.25,3
2023-07-24,sunflowers,8,8,0,4.16,13.88,3
2023-07-31,sunflowers,10,5,5,4.11,13.71,3
2023-08-07,sunflowers,9,9,0,3.73,12.43,3
2023-08-14,sunflowers,12,8,4,3.6,12.01,3
2023-08-21,sunflowers,10,6,4,3.73,12.43,3
2023-08-28,sunflowers,8,7,1,3.73,12.42,3
2023-09-04,sunflowers,9,6,3,4.09,13.64,3
2023-09-11,sunflowers,7,7,0,4.07,13.58,3
2023-09-18,sunflowers,8,8,0,3.6,12.0,3
2023-09-25,sunflowers,7,7,0,3.88,12.94,3
2023-10-02,sunflowers,9,9,0,3.72,12.4,3
2023-10-09,sunflowers,13,13,0,4.08,13.61,3
2023-10-16,sunflowers,15,15,0,3.85,12.85,3
2023-10-23,sunflowers,22,14,8,3.8,12.68,3
2023-10-30,sunflowers,20,3,17,4.11,13.71,3
2023-11-06,sunflowers,13,9,4,4.19,13.97,3
2023-11-13,sunflowers,14,14,0,3.71,12.38,3
2023-11-20,sunflowers,18,17,1,3.9,13.01,3
2023-11-27,sunflowers,14,14,0,4.08,13.6,3
2023-12-04,sunflowers,16,3,13,3.83,12.78,3
2023-12-11,sunflowers,8,8,0,3.75,12.5,3
2023-12-18,sunflowers,13,13,0,4.06,13.53,3
2023-12-25,sunflowers,13,11,2,4.15,13.84,3
2024-01-01,sunflowers,16,6,10,4.18,13.95,3
2024-01-08,sunflowers,14,12,2,4.19,13.98,3
2024-01-15,sunflowers,14,10,4,4.13,13.78,3
2024-01-22,sunflowers,14,7,7,3.86,12.86,3
2024-01-29,sunflowers,12,7,5,3.66,12.21,3
2024-02-05,sunflowers,8,8,0,3.9,13.0,3
2024-02-12,sunflowers,8,8,0,3.74,12.46,3
2024-02-19,sunflowers,11,11,0,3.79,12.64,3
2024-02-26,sunflowers,9,5,4,3.89,12.97,3
2024-03-04,sunflowers,10,10,0,3.68,12.27,3
2024-03-11,sunflowers,9,9,0,3.66,12.21,3
2024-03-18,sunflowers,19,3,16,4.14,13.8,3
2024-03-25,sunflowers,11,11,0,4.11,13.7,3
2024-04-01,sunflowers,22,22,0,4.2,14.0,3
2024-04-08,sunflowers,19,11,8,4.15,13.83,3
2024-04-15,sunflowers,17,5,12,3.8,12.67,3
2024-04-22,sunflowers,14,14,0,3.89,12.97,3
2024-04-29,sunflowers,18,18,0,3.87,12.9,3
2024-05-06,sunflowers,14,14,0,3.6,12.01,3
2024-05-13,sunflowers,17,17,0,3.99,13.29,3
2024-05-20,sunflowers,30,3,27,4.19,13.98,3
2024-05-27,sunflowers,21,14,7,3.66,12.2,3
2024-06-03,sunflowers,26,12,14,3.74,12.47,3
2024-06-10,sunflowers,26,8,18,4.1,13.68,3
2024-06-17,sunflowers,16,12,4,3.94,13.14,3
2024-06-24,sunflowers,12,7,5,3.88,12.93,3
2024-07-01,sunflowers,8,8,0,3.81,12.69,3
2024-07-08,sunflowers,9,9,0,3.87,12.89,3
2024-07-15,sunflowers,10,8,2,3.95,13.17,3
2024-07-22,sunflowers,8,8,0,4.02,13.39,3
2024-07-29,sunflowers,11,10,1,4.09,13.62,3
2024-08-05,sunflowers,9,9,0,4.1,13.66,3
2024-08-12,sunflowers,9,9,0,3.83,12.78,3
2024-08-19,sunflowers,9,5,4,4.03,13.45,3
2024-09-02,sunflowers,8,8,0,3.99,13.3,3
2024-09-09,sunflowers,12,6,6,4.04,13.48,3
2024-09-16,sunflowers,8,8,0,3.76,12.53,3
2024-09-23,sunflowers,11,11,0,4.13,13.76,3
2024-09-30,sunflowers,13,7,6,3.99,13.29,3
2024-10-07,sunflowers,8,7,1,3.86,12.88,3
2024-10-14,sunflowers,9,9,0,3.64,12.15,3
2024-10-21,sunflowers,10,10,0,3.97,13.24,3
2024-10-28,sunflowers,13,12,1,3.98,13.26,3
2024-11-04,sunflowers,13,13,0,3.73,12.45,3
2024-11-11,sunflowers,16,11,5,3.89,12.98,3
2024-11-18,sunflowers,14,7,7,3.8,12.67,3
2024-11-25,sunflowers,12,7,5,3.64,12.15,3
2024-12-02,sunflowers,10,2,8,3.98,13.28,3
2024-12-09,sunflowers,6,6,0,4.18,13.95,3
2024-12-16,sunflowers,9,9,0,4.01,13.37,3
2024-12-23,sunflowers,8,8,0,4.07,13.56,3
2022-12-26,gardenias,4,4,0,6.53,17.18,3
2023-01-02,gardenias,3,3,0,7.03,18.51,3
2023-01-09,gardenias,10,10,0,6.9,18.16,3
2023-01-16,gardenias,17,14,3,7.14,18.8,3
2023-01-23,gardenias,13,3,10,6.6,17.37,3
2023-01-30,gardenias,8,8,0,6.85,18.02,3
2023-02-06,gardenias,11,5,6,6.77,17.82,3
2023-02-13,gardenias,9,9,0,7.09,18.66,3
2023-02-20,gardenias,9,8,1,7.17,18.86,3
2023-02-27,gardenias,11,11,0,6.73,17.7,3
2023-03-06,gardenias,12,12,0,6.86,18.04,3
2023-03-13,gardenias,9,9,0,7.08,18.63,3
2023-03-20,gardenias,12,12,0,6.79,17.87,3
2023-03-27,gardenias,23,18,5,7.22,18.99,3
2023-04-03,gardenias,24,17,7,6.8,17.89,3
2023-04-10,gardenias,24,24,0,7.03,18.51,3
2023-04-17,gardenias,33,9,24,6.68,17.57,3
2023-04-24,gardenias,19,19,0,7.14,18.8,3
2023-05-01,gardenias,36,27,9,7.0,18.41,3
2023-05-08,gardenias,27,27,0,6.57,17.29,3
2023-05-15,gardenias,29,12,17,6.68,17.58,3
2023-05-22,gardenias,24,24,0,6.77,17.81,3
2023-05-29,gardenias,32,11,21,6.56,17.26,3
2023-06-05,gardenias,25,25,0,6.57,17.28,3
2023-06-12,gardenias,29,8,21,7.01,18.46,3
2023-06-19,gardenias,19,19,0,6.48,17.05,3
2023-06-26,gardenias,26,22,4,6.9,18.17,3
2023-07-03,gardenias,24,16,8,6.78,17.84,3
2023-07-10,gardenias,18,9,9,7.0,18.42,3
2023-07-17,gardenias,15,7,8,6.7,17.62,3
2023-07-24,gardenias,13,13,0,7.06,18.58,3
2023-07-31,gardenias,18,5,13,6.79,17.88,3
2023-08-07,gardenias,9,9,0,6.63,17.45,3
2023-08-14,gardenias,13,8,5,6.6,17.37,3
2023-08-21,gardenias,9,1,8,6.56,17.26,3
2023-08-28,gardenias,6,6,0,7.1,18.68,3
2023-09-11,gardenias,11,11,0,6.76,17.79,3
2023-09-18,gardenias,9,7,2,6.65,17.51,3
2023-09-25,gardenias,9,9,0,6.79,17.88,3
2023-10-02,gardenias,9,9,0,7.16,18.84,3
2023-10-09,gardenias,19,19,0,6.72,17.68,3
2023-10-16,gardenias,17,17,0,6.69,17.61,3
2023-10-23,gardenias,25,6,19,6.76,17.8,3
2023-10-30,gardenias,16,16,0,7.17,18.88,3
2023-11-06,gardenias,20,20,0,6.91,18.19,3
2023-11-13,gardenias,23,23,0,6.74,17.74,3
2023-11-20,gardenias,25,14,11,6.98,18.38,3
2023-11-27,gardenias,19,4,15,6.88,18.11,3
2023-12-04,gardenias,13,13,0,6.95,18.28,3
2023-12-11,gardenias,19,2,17,6.94,18.25,3
2023-12-18,gardenias,13,13,0,6.94,18.25,3
2023-12-25,gardenias,21,16,5,6.66,17.52,3
2024-01-01,gardenias,16,16,0,6.86,18.05,3
2024-01-08,gardenias,15,10,5,6.7,17.62,3
2024-01-15,gardenias,16,7,9,6.69,17.6,3
2024-01-22,gardenias,13,7,6,6.97,18.33,3
2024-01-29,gardenias,13,13,0,6.81,17.91,3
2024-02-05,gardenias,14,8,6,6.64,17.47,3
2024-02-12,gardenias,12,12,0,6.68,17.57,3
2024-02-19,gardenias,15,14,1,7.05,18.56,3
2024-02-26,gardenias,17,17,0,6.73,17.72,3
2024-03-04,gardenias,11,11,0,7.19,18.91,3
2024-03-11,gardenias,13,13,0,6.87,18.07,3
2024-03-18,gardenias,15,15,0,6.47,17.03,3
2024-03-25,gardenias,17,17,0,6.65,17.5,3
2024-04-01,gardenias,25,25,0,6.78,17.85,3
2024-04-08,gardenias,28,28,0,6.7,17.62,3
2024-04-15,gardenias,22,22,0,6.66,17.52,3
2024-04-22,gardenias,31,23,8,7.04,18.53,3
2024-04-29,gardenias,31,31,0,6.49,17.07,3
2024-05-06,gardenias,33,21,12,6.81,17.92,3
2024-05-13,gardenias,28,24,4,6.95,18.28,3
2024-05-20,gardenias,31,21,10,6.52,17.16,3
2024-05-27,gardenias,27,21,6,6.9,18.15,3
2024-06-03,gardenias,26,8,18,6.64,17.47,3
2024-06-10,gardenias,19,19,0,6.86,18.04,3
2024-06-17,gardenias,20,20,0,7.0,18.42,3
2024-06-24,gardenias,39,26,13,6.56,17.27,3
2024-07-01,gardenias,29,29,0,6.56,17.27,3
2024-07-08,gardenias,23,16,7,6.83,17.98,3
2024-07-15,gardenias,25,10,15,6.7,17.64,3
2024-07-22,gardenias,24,18,6,7.22,18.99,3
2024-07-29,gardenias,22,20,2,7.09,18.67,3
2024-08-05,gardenias,19,19,0,6.91,18.18,3
2024-08-12,gardenias,22,22,0,6.67,17.56,3
2024-08-19,gardenias,21,12,9,6.65,17.5,3
2024-08-26,gardenias,19,19,0,6.46,17.0,3
2024-09-02,gardenias,19,7,12,7.06,18.59,3
2024-09-09,gardenias,17,10,7,7.03,18.51,3
2024-09-16,gardenias,17,17,0,6.58,17.32,3
2024-09-23,gardenias,20,20,0,6.49,17.09,3
2024-09-30,gardenias,17,13,4,6.92,18.21,3
2024-10-07,gardenias,17,9,8,6.71,17.65,3
2024-10-14,gardenias,13,13,0,6.49,17.07,3
2024-10-21,gardenias,17,9,8,6.65,17.49,3
2024-10-28,gardenias,14,14,0,6.7,17.64,3
2024-11-04,gardenias,16,6,10,6.95,18.28,3
2024-11-11,gardenias,9,6,3,7.19,18.93,3
2024-11-18,gardenias,8,5,3,7.17,18.86,3
2024-11-25,gardenias,7,7,0,7.13,18.76,3
2024-12-02,gardenias,10,10,0,6.6,17.36,3
2024-12-09,gardenias,11,10,1,7.21,18.98,3
2024-12-16,gardenias,9,9,0,6.74,17.73,3
2024-12-23,gardenias,10,10,0,6.55,17.24,3
2024-12-30,gardenias,11,2,9,6.88,18.1,3
2023-01-02,ferns,28,28,0,4.16,11.9,3
2023-01-09,ferns,29,15,14,3.91,11.16,3
2023-01-16,ferns,19,19,0,4.05,11.58,3
2023-01-23,ferns,27,6,21,3.95,11.29,3
2023-01-30,ferns,14,14,0,4.01,11.46,3
2023-02-06,ferns,16,16,0,4.18,11.95,3
2023-02-13,ferns,20,20,0,3.78,10.81,3
2023-02-20,ferns,25,25,0,4.38,12.5,3
2023-02-27,ferns,23,21,2,3.72,10.64,3
2023-03-06,ferns,22,12,10,4.05,11.58,3
2023-03-13,ferns,18,18,0,3.97,11.35,3
2023-03-20,ferns,21,20,1,4.33,12.38,3
2023-03-27,ferns,21,13,8,4.17,11.92,3
2023-04-03,ferns,16,16,0,4.34,12.39,3
2023-04-10,ferns,18,18,0,3.76,10.73,3
2023-04-17,ferns,18,18,0,3.92,11.2,3
2023-04-24,ferns,18,18,0,4.08,11.66,3
2023-05-01,ferns,23,6,17,3.99,11.39,3
2023-05-08,ferns,16,16,0,4.15,11.86,3
2023-05-15,ferns,16,16,0,4.11,11.74,3
2023-05-22,ferns,18,16,2,4.25,12.14,3
2023-05-29,ferns,22,16,6,4.27,12.2,3
2023-06-05,ferns,19,15,4,4.14,11.82,3
2023-06-12,ferns,17,8,9,3.91,11.16,3
2023-06-19,ferns,15,8,7,3.84,10.98,3
2023-06-26,ferns,12,9,3,4.17,11.91,3
2023-07-03,ferns,10,10,0,4.07,11.62,3
2023-07-10,ferns,14,14,0,4.12,11.77,3
2023-07-17,ferns,12,11,1,4.13,11.79,3
2023-07-24,ferns,10,10,0,3.9,11.15,3
2023-07-31,ferns,11,11,0,3.77,10.78,3
2023-08-07,ferns,14,11,3,3.84,10.96,3
2023-08-14,ferns,14,4,10,3.93,11.23,3
2023-08-21,ferns,10,10,0,3.92,11.2,3
2023-08-28,ferns,13,8,5,3.78,10.8,3
2023-09-04,ferns,11,11,0,3.83,10.94,3
2023-09-11,ferns,10,10,0,4.04,11.53,3
2023-09-18,ferns,13,13,0,4.29,12.27,3
2023-09-25,ferns,14,13,1,4.1,11.7,3
2023-10-02,ferns,15,15,0,4.35,12.42,3
2023-10-09,ferns,15,15,0,3.93,11.23,3
2023-10-16,ferns,18,5,13,4.12,11.77,3
2023-10-23,ferns,11,11,0,3.73,10.67,3
2023-10-30,ferns,19,18,1,4.1,11.7,3
2023-11-06,ferns,17,17,0,4.36,12.46,3
2023-11-13,ferns,20,20,0,4.28,12.22,3
2023-11-20,ferns,20,20,0,3.88,11.1,3
2023-11-27,ferns,20,20,0,4.07,11.63,3
2023-12-04,ferns,21,20,1,3.78,10.81,3
2023-12-11,ferns,19,19,0,4.0,11.43,3
2023-12-18,ferns,25,25,0,4.03,11.52,3
2023-12-25,ferns,24,24,0,4.16,11.88,3
2024-01-01,ferns,24,4,20,4.27,12.2,3
2024-01-08,ferns,15,15,0,3.73,10.66,3
2024-01-15,ferns,23,11,12,4.34,12.4,3
2024-01-22,ferns,18,18,0,4.01,11.45,3
2024-01-29,ferns,18,18,0,3.87,11.06,3
2024-02-05,ferns,21,3,18,3.88,11.1,3
2024-02-19,ferns,10,5,5,3.86,11.04,3
2024-02-26,ferns,10,10,0,4.26,12.18,3
2024-03-04,ferns,15,15,0,3.8,10.87,3
2024-03-11,ferns,17,17,0,4.04,11.53,3
2024-03-18,ferns,15,15,0,4.26,12.18,3
2024-03-25,ferns,19,19,0,3.8,10.87,3
2024-04-01,ferns,24,24,0,3.71,10.61,3
2024-04-08,ferns,26,17,9,3.69,10.55,3
2024-04-15,ferns,23,12,11,3.69,10.54,3
2024-04-22,ferns,21,12,9,4.02,11.5,3
2024-04-29,ferns,19,19,0,4.35,12.43,3
2024-05-06,ferns,26,24,2,4.37,12.49,3
2024-05-13,ferns,22,11,11,4.15,11.87,3
2024-05-20,ferns,15,15,0,4.11,11.73,3
2024-05-27,ferns,18,18,0,4.37,12.49,3
2024-06-03,ferns,20,8,12,4.21,12.02,3
2024-06-10,ferns,15,8,7,3.97,11.34,3
2024-06-17,ferns,11,11,0,4.16,11.88,3
2024-06-24,ferns,12,12,0,4.25,12.14,3
2024-07-08,ferns,15,15,0,3.68,10.5,3
2024-07-15,ferns,14,14,0,4.13,11.81,3
2024-07-22,ferns,14,13,1,4.22,12.06,3
2024-07-29,ferns,13,13,0,3.78,10.8,3
2024-08-05,ferns,16,16,0,3.88,11.09,3
2024-08-12,ferns,17,17,0,4.15,11.87,3
2024-08-19,ferns,17,17,0,4.15,11.86,3
2024-08-26,ferns,15,6,9,4.36,12.45,3
2024-09-02,ferns,11,11,0,4.07,11.64,3
2024-09-09,ferns,16,6,10,4.3,12.29,3
2024-09-16,ferns,10,10,0,3.77,10.78,3
2024-09-23,ferns,15,8,7,4.22,12.06,3
2024-09-30,ferns,10,10,0,4.33,12.38,3
2024-10-07,ferns,12,12,0,4.01,11.45,3
2024-10-14,ferns,14,14,0,3.79,10.82,3
2024-10-21,ferns,12,5,7,3.88,11.08,3
2024-10-28,ferns,11,11,0,4.34,12.41,3
2024-11-04,ferns,12,12,0,4.05,11.56,3
2024-11-11,ferns,16,16,0,3.77,10.76,3
2024-11-18,ferns,15,15,0,3.7,10.56,3
2024-11-25,ferns,21,21,0,4.15,11.85,3
2024-12-02,ferns,23,23,0,4.16,11.88,3
2024-12-09,ferns,24,24,0,4.0,11.42,3
2024-12-16,ferns,30,30,0,4.15,11.85,3
2024-12-23,ferns,31,26,5,4.25,12.14,3
2024-12-30,ferns,33,12,21,3.77,10.77,3
